{
  "project_info": {
    "project_number": "76920923793",
    "firebase_url": "https://allfromhome-ade77.firebaseio.com",
    "project_id": "allfromhome-ade77",
    "storage_bucket": "allfromhome-ade77.appspot.com"
  },
  "client": [
    {
      "client_info": {
        "mobilesdk_app_id": "1:76920923793:android:bf5ba3848c877abd340130",
        "android_client_info": {
          "package_name": "it.uniparthenope.AFH"
        }
      },
      "oauth_client": [
        {
          "client_id": "76920923793-tgljjth78fr51bflhp30oohrn0egro8r.apps.googleusercontent.com",
          "client_type": 1,
          "android_info": {
            "package_name": "it.uniparthenope.AFH",
            "certificate_hash": "0143cbfcfcf579c4c8f8b4f25943fd6f575064ac"
          }
        },
        {
          "client_id": "76920923793-326knohqqlph4f5phr3tpr0lgjlova0h.apps.googleusercontent.com",
          "client_type": 3
        }
      ],
      "api_key": [
        {
          "current_key": "AIzaSyA71J9d2EI9JaUqkSLlijPTnA9CshPW1UY"
        }
      ],
      "services": {
        "appinvite_service": {
          "other_platform_oauth_client": [
            {
              "client_id": "76920923793-326knohqqlph4f5phr3tpr0lgjlova0h.apps.googleusercontent.com",
              "client_type": 3
            }
          ]
        }
      }
    }
  ],
  "configuration_version": "1"
}